id,split
SW4324,train
SW703,train
SW1988,train
SW1849,train
SW3454,train
SW705,train
SW1737,train
SW2912,train
SW5245,train
SW5515,train
SW5360,train
SW3872,train
SW2051,train
SW781,train
SW72,train
SW3455,train
SW341,train
SW4578,train
SW2816,train
SW2766,train
SW4132,train
SW6053,train
SW1266,train
SW850,train
SW2401,train
SW5781,train
SW5525,train
SW3008,train
SW2252,train
SW285,train
SW3684,train
SW1954,train
SW5696,train
SW2675,train
SW3377,train
SW5009,train
SW82,train
SW4895,train
SW763,train
SW3608,train
SW1800,train
SW5400,train
SW1152,train
SW5014,train
SW3662,train
SW3726,train
SW1581,train
SW3165,train
SW217,train
SW5724,train
SW2920,train
SW3929,train
SW3124,train
SW493,train
SW5650,train
SW4734,train
SW6381,train
SW1378,train
SW393,train
SW5854,train
SW3612,train
SW5955,train
SW2443,train
SW2831,train
SW5153,train
SW2414,train
SW4960,train
SW3278,train
SW2109,train
SW2315,train
SW5305,train
SW94,train
SW3641,train
SW1004,train
SW6386,train
SW5157,train
SW2178,train
SW2426,train
SW4884,train
SW4674,train
SW1166,train
SW5317,train
SW6088,train
SW6432,train
SW792,train
SW4524,train
SW2297,train
SW278,train
SW3079,train
SW5409,train
SW1485,train
SW4862,train
SW5019,train
SW4522,train
SW5824,train
SW6265,train
SW4515,train
SW1067,train
SW3046,train
SW3257,train
SW952,train
SW1793,train
SW1270,train
SW3468,train
SW602,train
SW2965,train
SW4473,train
SW484,train
SW1986,train
SW4377,train
SW4464,train
SW3908,train
SW5662,train
SW5625,train
SW2147,train
SW3974,train
SW3890,train
SW6211,train
SW5470,train
SW6062,train
SW1883,train
SW5834,train
SW3401,train
SW3409,train
SW4701,train
SW851,train
SW1100,train
SW2404,train
SW4977,train
SW1831,train
SW700,train
SW5162,train
SW1747,train
SW2520,train
SW5786,train
SW3016,train
SW385,train
SW2839,train
SW3660,train
SW3704,train
SW3576,train
SW5845,train
SW4411,train
SW1860,train
SW5251,train
SW5345,train
SW4736,train
SW4833,train
SW3535,train
SW870,train
SW1964,train
SW3073,train
SW2582,train
SW4509,train
SW115,train
SW4112,train
SW902,train
SW3089,train
SW744,train
SW3811,train
SW1179,train
SW4740,train
SW5032,train
SW5046,train
SW4391,train
SW6111,train
SW887,train
SW1072,train
SW3640,train
SW2066,train
SW728,train
SW3469,train
SW2579,train
SW1887,train
SW2432,train
SW4719,train
SW1127,train
SW5744,train
SW4652,train
SW3462,train
SW343,train
SW4807,train
SW2323,train
SW6092,train
SW2771,train
SW1987,train
SW3790,train
SW3819,train
SW5399,train
SW4508,train
SW689,train
SW3384,train
SW6200,train
SW5052,train
SW872,train
SW39,train
SW4219,train
SW5760,train
SW3674,train
SW863,train
SW2163,train
SW53,train
SW2152,train
SW4150,train
SW4670,train
SW3273,train
SW3132,train
SW457,train
SW6058,train
SW4864,train
SW43,train
SW2753,train
SW5513,train
SW5186,train
SW4315,train
SW253,train
SW507,train
SW5060,train
SW2593,train
SW2425,train
SW1735,train
SW2246,train
SW3179,train
SW4131,train
SW2749,train
SW5255,train
SW4975,train
SW1398,train
SW1301,train
SW4201,train
SW1097,train
SW1035,train
SW3525,train
SW6038,train
SW1099,train
SW5122,train
SW3699,train
SW5848,train
SW4282,train
SW3834,train
SW4386,train
SW3149,train
SW1462,train
SW4609,train
SW951,train
SW1450,train
SW4801,train
SW4707,train
SW2513,train
SW5925,train
SW1451,train
SW5164,train
SW5267,train
SW5879,train
SW5551,train
SW191,train
SW1623,train
SW1189,train
SW817,train
SW218,train
SW2225,train
SW3949,train
SW5651,train
SW4218,train
SW2745,train
SW3140,train
SW2540,train
SW4043,train
SW5223,train
SW1628,train
SW4542,train
SW828,train
SW1209,train
SW310,train
SW2156,train
SW4215,train
SW3406,train
SW5908,train
SW4162,train
SW2950,train
SW3879,train
SW1236,train
SW2872,train
SW1326,train
SW4849,train
SW1118,train
SW5516,train
SW5092,train
SW2271,train
SW3118,train
SW4180,train
SW2438,train
SW4770,train
SW1708,train
SW4093,train
SW5336,train
SW79,train
SW2082,train
SW3166,train
SW1479,train
SW2933,train
SW4921,train
SW961,train
SW2538,train
SW842,train
SW4467,train
SW5026,train
SW1392,train
SW2307,train
SW107,train
SW3846,train
SW2134,train
SW1262,train
SW2062,train
SW2179,train
SW5750,train
SW4563,train
SW2529,train
SW89,train
SW737,train
SW1061,train
SW1197,train
SW230,train
SW6012,train
SW8,train
SW1690,train
SW233,train
SW1321,train
SW2531,train
SW4924,train
SW1861,train
SW1731,train
SW2195,train
SW2692,train
SW3222,train
SW3807,train
SW2460,train
SW2818,train
SW4283,train
SW2131,train
SW2014,train
SW1931,train
SW3818,train
SW2026,train
SW1059,train
SW4706,train
SW3448,train
SW4635,train
SW1773,train
SW226,train
SW1475,train
SW1797,train
SW662,train
SW2942,train
SW4695,train
SW1699,train
SW1534,train
SW2828,train
SW4126,train
SW1075,train
SW5230,train
SW4737,train
SW1386,train
SW6317,train
SW795,train
SW4950,train
SW366,train
SW4546,train
SW3958,train
SW4016,train
SW1963,train
SW825,train
SW4538,train
SW2597,train
SW23,train
SW3831,train
SW1749,train
SW3545,train
SW2505,train
SW2157,train
SW461,train
SW2223,train
SW5196,train
SW3116,train
SW3303,train
SW5511,train
SW6184,train
SW997,train
SW547,train
SW911,train
SW4179,train
SW4099,train
SW267,train
SW2068,train
SW5753,train
SW5252,train
SW4703,train
SW3553,train
SW4945,train
SW2562,train
SW139,train
SW2327,train
SW874,train
SW3063,train
SW3894,train
SW5070,train
SW2738,train
SW4182,train
SW856,train
SW806,train
SW1509,train
SW3461,train
SW797,train
SW1394,train
SW3076,train
SW2821,train
SW2141,train
SW5411,train
SW5022,train
SW5302,train
SW1161,train
SW989,train
SW3062,train
SW3109,train
SW4157,train
SW1258,train
SW605,train
SW2746,train
SW4901,train
SW1764,train
SW4867,train
SW407,train
SW4607,train
SW4031,train
SW5868,train
SW3776,train
SW6155,train
SW5025,train
SW2847,train
SW3201,train
SW3521,train
SW824,train
SW3493,train
SW2970,train
SW3059,train
SW369,train
SW5559,train
SW5121,train
SW5104,train
SW3954,train
SW1706,train
SW4418,train
SW4641,train
SW384,train
SW3060,train
SW3567,train
SW168,train
SW895,train
SW2777,train
SW2042,train
SW3090,train
SW5990,train
SW2055,train
SW132,train
SW3047,train
SW3472,train
SW707,train
SW3070,train
SW5981,train
SW2594,train
SW4008,train
SW3738,train
SW6114,train
SW3856,train
SW6301,train
SW6437,train
SW1343,train
SW6391,train
SW2571,train
SW3215,train
SW606,train
SW1843,train
SW180,train
SW3040,train
SW6429,train
SW4604,train
SW2684,train
SW1816,train
SW5685,train
SW2154,train
SW5087,train
SW85,train
SW4769,train
SW337,train
SW2023,train
SW3071,train
SW3816,train
SW2595,train
SW2056,train
SW2105,train
SW939,train
SW6129,train
SW4984,train
SW3551,train
SW2038,train
SW5706,train
SW3490,train
SW3050,train
SW3000,train
SW4527,train
SW1577,train
SW5061,train
SW4882,train
SW4721,train
SW6304,train
SW2754,train
SW6171,train
SW1212,train
SW2955,train
SW3295,train
SW3075,train
SW1711,train
SW1098,train
SW6320,train
SW6183,train
SW5120,train
SW2761,train
SW3964,train
SW5011,train
SW1,train
SW498,train
SW1895,train
SW4589,train
SW3015,train
SW5254,train
SW3774,train
SW4870,train
SW3758,train
SW250,train
SW4431,train
SW3995,train
SW269,train
SW1349,train
SW3219,train
SW3920,train
SW4373,train
SW1975,train
SW4027,train
SW3759,train
SW5603,train
SW5723,train
SW1913,train
SW2712,train
SW4877,train
SW4174,train
SW2027,train
SW2697,train
SW1076,train
SW1330,train
SW317,train
SW2603,train
SW1697,train
SW657,train
SW113,train
SW1821,train
SW2931,train
SW3023,train
SW5214,train
SW2478,train
SW1553,train
SW1094,train
SW3862,train
SW4654,train
SW1154,train
SW2652,train
SW479,train
SW752,train
SW422,train
SW5493,train
SW3198,train
SW4012,train
SW5642,train
SW4842,train
SW2854,train
SW2879,train
SW2153,train
SW4223,train
SW2396,train
SW2658,train
SW6329,train
SW543,train
SW539,train
SW5221,train
SW6213,train
SW5644,train
SW4865,train
SW2291,train
SW4545,train
SW3068,train
SW1761,train
SW4426,train
SW3405,train
SW4257,train
SW2224,train
SW5429,train
SW5105,train
SW885,train
SW2086,train
SW808,train
SW3639,train
SW2473,train
SW2545,train
SW471,train
SW3533,train
SW4055,train
SW4,train
SW2344,train
SW2207,train
SW2990,train
SW329,train
SW6023,train
SW3619,train
SW3610,train
SW5917,train
SW3579,train
SW2266,train
SW6021,train
SW2353,train
SW5841,train
SW6156,train
SW3137,train
SW1998,train
SW205,train
SW2263,train
SW4288,train
SW51,train
SW760,train
SW3106,train
SW3769,train
SW3585,train
SW213,train
SW1200,train
SW4756,train
SW4484,train
SW3045,train
SW1484,train
SW1629,train
SW2397,train
SW3035,train
SW4584,train
SW3848,train
SW2247,train
SW6077,train
SW1376,train
SW6116,train
SW2822,train
SW1741,train
SW3677,train
SW487,train
SW2627,train
SW5717,train
SW599,train
SW5657,train
SW4656,train
SW5238,train
SW2619,train
SW3183,train
SW4886,train
SW2470,train
SW4290,train
SW1888,train
SW2500,train
SW2053,train
SW3907,train
SW3511,train
SW2364,train
SW4852,train
SW5139,train
SW702,train
SW764,train
SW2682,train
SW75,train
SW6302,train
SW2663,train
SW5670,train
SW604,train
SW692,train
SW1279,train
SW1694,train
SW5521,train
SW368,train
SW1318,train
SW2620,train
SW4920,train
SW629,train
SW33,train
SW3806,train
SW1933,train
SW3530,train
SW5085,train
SW4020,train
SW4483,train
SW2819,train
SW3290,train
SW3100,train
SW6307,train
SW3328,train
SW1892,train
SW6178,train
SW5496,train
SW5160,train
SW2083,train
SW578,train
SW2884,train
SW5978,train
SW5037,train
SW1855,train
SW3358,train
SW5557,train
SW1562,train
SW2311,train
SW3211,train
SW5797,train
SW1751,train
SW4995,train
SW2752,train
SW292,train
SW2243,train
SW535,train
SW254,train
SW5463,train
SW490,train
SW5213,train
SW844,train
SW3740,train
SW1686,train
SW3383,train
SW1359,train
SW1339,train
SW3878,train
SW147,train
SW4203,train
SW3837,train
SW219,train
SW1010,train
SW1730,train
SW5919,train
SW768,train
SW3625,train
SW5308,train
SW156,train
SW2465,train
SW419,train
SW3392,train
SW5546,train
SW6242,train
SW5837,train
SW6260,train
SW4334,train
SW3495,train
SW2686,train
SW3772,train
SW4550,train
SW4618,train
SW2516,train
SW5742,train
SW5719,train
SW5001,train
SW5963,train
SW4910,train
SW1292,train
SW1477,train
SW5563,train
SW925,train
SW831,train
SW974,train
SW3520,train
SW4349,train
SW1653,train
SW1062,train
SW5593,train
SW5811,train
SW6054,train
SW4643,train
SW3760,train
SW6199,train
SW1358,train
SW4401,train
SW5785,train
SW3177,train
SW581,train
SW661,train
SW4549,train
SW194,train
SW175,train
SW1185,train
SW5707,train
SW5294,train
SW2817,train
SW2945,train
SW2016,train
SW6189,train
SW3390,train
SW4049,train
SW3174,train
SW312,train
SW748,train
SW646,train
SW1383,train
SW421,train
SW1796,train
SW613,train
SW497,train
SW3194,train
SW4593,train
SW1786,train
SW5649,train
SW1700,train
SW4927,train
SW4926,train
SW1613,train
SW5106,train
SW1494,train
SW172,train
SW4424,train
SW2002,train
SW739,train
SW3451,train
SW4277,train
SW1172,train
SW5826,train
SW4645,train
SW6124,train
SW58,train
SW5347,train
SW3146,train
SW787,train
SW6374,train
SW2774,train
SW108,train
SW133,train
SW711,train
SW981,train
SW5938,train
SW5362,train
SW248,train
SW4264,train
SW2441,train
SW1585,train
SW2144,train
SW5957,train
SW840,train
SW3898,train
SW4482,train
SW4239,train
SW5952,train
SW830,train
SW138,train
SW2561,train
SW643,train
SW3948,train
SW6252,train
SW5543,train
SW5949,train
SW2926,train
SW6426,train
SW1541,train
SW179,train
SW1637,train
SW5927,train
SW3931,train
SW4287,train
SW4990,train
SW438,train
SW4499,train
SW2899,train
SW5965,train
SW3980,train
SW408,train
SW1331,train
SW4434,train
SW3865,train
SW1729,train
SW4278,train
SW4506,train
SW5893,train
SW5172,train
SW1430,train
SW4952,train
SW1503,train
SW3375,train
SW5225,train
SW298,train
SW4659,train
SW804,train
SW4562,train
SW3584,train
SW5218,train
SW5985,train
SW4964,train
SW6229,train
SW1272,train
SW2815,train
SW3337,train
SW61,train
SW4295,train
SW1724,train
SW5129,train
SW5057,train
SW6165,train
SW5611,train
SW6202,train
SW3138,train
SW5361,train
SW5229,train
SW6270,train
SW2372,train
SW5095,train
SW5776,train
SW4384,train
SW4206,train
SW967,train
SW149,train
SW772,train
SW3178,train
SW5832,train
SW823,train
SW1784,train
SW2779,train
SW1183,train
SW3077,train
SW199,train
SW876,train
SW4356,train
SW2412,train
SW5748,train
SW1254,train
SW3997,train
SW3602,train
SW405,train
SW2672,train
SW3394,train
SW5767,train
SW6090,train
SW5150,train
SW4398,train
SW4797,train
SW6361,train
SW5312,train
SW2949,train
SW2264,train
SW3449,train
SW5863,train
SW4504,train
SW688,train
SW3737,train
SW4724,train
SW5266,train
SW6133,train
SW1329,train
SW2378,train
SW5180,train
SW6227,train
SW2811,train
SW2535,train
SW3355,train
SW3930,train
SW2265,train
SW2891,train
SW4788,train
SW2277,train
SW6018,train
SW6050,train
SW2390,train
SW6170,train
SW2918,train
SW3889,train
SW3555,train
SW598,train
SW1870,train
SW3651,train
SW573,train
SW3339,train
SW6334,train
SW1782,train
SW2345,train
SW5265,train
SW1159,train
SW50,train
SW3445,train
SW3484,train
SW2848,train
SW1732,train
SW5175,train
SW5751,train
SW4101,train
SW4319,train
SW2482,train
SW632,train
SW1716,train
SW4322,train
SW983,train
SW5986,train
SW1137,train
SW6122,train
SW4207,train
SW1354,train
SW5041,train
SW5015,train
SW5770,train
SW1461,train
SW295,train
SW1858,train
SW2143,train
SW3412,train
SW3573,train
SW6119,train
SW2883,train
SW3557,train
SW2772,train
SW756,train
SW4646,train
SW5729,train
SW4929,train
SW4598,train
SW1338,train
SW3395,train
SW2806,train
SW1108,train
SW2880,train
SW2720,train
SW3428,train
SW3609,train
SW5067,train
SW2893,train
SW4251,train
SW2491,train
SW3757,train
SW3217,train
SW2081,train
SW1828,train
SW523,train
SW520,train
SW4657,train
SW6131,train
SW358,train
SW4860,train
SW4119,train
SW5765,train
SW2125,train
SW5609,train
SW4429,train
SW2958,train
SW1350,train
SW1984,train
SW3318,train
SW338,train
SW3575,train
SW4025,train
SW2961,train
SW1034,train
SW1031,train
SW6078,train
SW5406,train
SW4114,train
SW4660,train
SW1110,train
SW6368,train
SW1742,train
SW2231,train
SW3322,train
SW1950,train
SW347,train
SW3528,train
SW4052,train
SW4794,train
SW2278,train
SW595,train
SW6069,train
SW2281,train
SW5592,train
SW5426,train
SW4908,train
SW3586,train
SW4345,train
SW5455,train
SW4403,train
SW1488,train
SW3476,train
SW1155,train
SW468,train
SW5572,train
SW5749,train
SW5643,train
SW4844,train
SW3404,train
SW4378,train
SW2882,train
SW3751,train
SW3543,train
SW3768,train
SW2996,train
SW2511,train
SW5457,train
SW4664,train
SW6288,train
SW4039,train
SW3606,train
SW544,train
SW1029,train
SW5163,train
SW1596,train
SW4761,train
SW130,train
SW2590,train
SW2510,train
SW3319,train
SW2362,train
SW4987,train
SW1368,train
SW2356,train
SW1263,train
SW1859,train
SW2612,train
SW2944,train
SW972,train
SW1006,train
SW294,train
SW4876,train
SW587,train
SW2987,train
SW3913,train
SW5195,train
SW2119,train
SW4789,train
SW1170,train
SW4335,train
SW5594,train
SW1466,train
SW1448,train
SW1506,train
SW5445,train
SW1879,train
SW6423,train
SW331,train
SW2541,train
SW6003,train
SW5363,train
SW105,train
SW6360,train
SW2416,train
SW3628,train
SW4588,train
SW4117,train
SW914,train
SW4379,train
SW4708,train
SW1341,train
SW624,train
SW2407,train
SW2398,train
SW2120,train
SW5074,train
SW2921,train
SW2705,train
SW5819,train
SW937,train
SW1086,train
SW6323,train
SW5201,train
SW551,train
SW3121,train
SW2201,train
SW3734,train
SW3431,train
SW5282,train
SW5333,train
SW1316,train
SW2524,train
SW4619,train
SW2034,train
SW251,train
SW5283,train
SW3120,train
SW5884,train
SW512,train
SW1210,train
SW1043,train
SW1081,train
SW1347,train
SW6297,train
SW5394,train
SW742,train
SW1268,train
SW5847,train
SW1712,train
SW2389,train
SW2376,train
SW4134,train
SW287,train
SW564,train
SW4002,train
SW3582,train
SW718,train
SW223,train
SW4115,train
SW4110,train
SW4885,train
SW3425,train
SW1767,train
SW4280,train
SW4839,train
SW4238,train
SW1526,train
SW846,train
SW4586,train
SW1416,train
SW1397,train
SW4308,train
SW2736,train
SW3209,train
SW2552,train
SW3398,train
SW2974,train
SW3259,train
SW3952,train
SW3250,train
SW456,train
SW2000,train
SW4556,train
SW3632,train
SW1476,train
SW529,train
SW6076,train
SW2812,train
SW128,train
SW4683,train
SW5292,train
SW455,train
SW2633,train
SW6233,train
SW5552,train
SW909,train
SW5944,train
SW4996,train
SW3941,train
SW567,train
SW3845,train
SW1233,train
SW5174,train
SW465,train
SW2543,train
SW5612,train
SW5113,train
SW1047,train
SW2647,train
SW5801,train
SW5197,train
SW3787,train
SW3665,train
SW2274,train
SW4095,train
SW5146,train
SW5648,train
SW4963,train
SW4620,train
SW2286,train
SW897,train
SW5736,train
SW2496,train
SW4785,train
SW1693,train
SW4305,train
SW1458,train
SW3750,train
SW4309,train
SW3698,train
SW3301,train
SW3450,train
SW1900,train
SW2706,train
SW432,train
SW4000,train
SW5211,train
SW1293,train
SW2228,train
SW5287,train
SW3085,train
SW221,train
SW3247,train
SW1143,train
SW401,train
SW4557,train
SW5645,train
SW1084,train
SW2904,train
SW2486,train
SW1574,train
SW3568,train
SW2897,train
SW3644,train
SW5391,train
SW896,train
SW467,train
SW3561,train
SW5782,train
SW5795,train
SW6214,train
SW1880,train
SW5898,train
SW659,train
SW1631,train
SW1518,train
SW4286,train
SW6264,train
SW121,train
SW6369,train
SW4692,train
SW5427,train
SW3236,train
SW6100,train
SW3951,train
SW6089,train
SW2047,train
SW325,train
SW1546,train
SW1801,train
SW1307,train
SW2764,train
SW875,train
SW628,train
SW4672,train
SW1532,train
SW1561,train
SW4815,train
SW4662,train
SW302,train
SW5558,train
SW4980,train
SW5176,train
SW5481,train
SW3934,train
SW1382,train
SW1978,train
SW589,train
SW1473,train
SW4213,train
SW46,train
SW5851,train
SW5316,train
SW5284,train
SW538,train
SW3262,train
SW4826,train
SW6358,train
SW669,train
SW4010,train
SW5167,train
SW6246,train
SW706,train
SW3420,train
SW3523,train
SW3876,train
SW2272,train
SW4084,train
SW1973,train
SW556,train
SW1825,train
SW4284,train
SW4123,train
SW5217,train
SW5730,train
SW1938,train
SW2380,train
SW4567,train
SW3708,train
SW5088,train
SW2713,train
SW5618,train
SW1234,train
SW2685,train
SW3498,train
SW106,train
SW1007,train
SW5299,train
SW2542,train
SW4196,train
SW445,train
SW6345,train
SW1777,train
SW5682,train
SW4029,train
SW5667,train
SW13,train
SW2253,train
SW5676,train
SW3051,train
SW6331,train
SW4899,train
SW4250,train
SW4792,train
SW4981,train
SW5620,train
SW2837,train
SW1528,train
SW6026,train
SW2217,train
SW3190,train
SW4516,train
SW3873,train
SW2187,train
SW5329,train
SW3153,train
SW5458,train
SW821,train
SW6134,train
SW394,train
SW1423,train
SW3629,train
SW2565,train
SW985,train
SW165,train
SW4616,train
SW1432,train
SW5405,train
SW381,train
SW4367,train
SW220,train
SW2073,train
SW6366,train
SW820,train
SW4776,train
SW608,train
SW4446,train
SW2037,train
SW3427,train
SW3729,train
SW5140,train
SW1167,train
SW3185,train
SW4465,train
SW2512,train
SW3926,train
SW247,train
SW5331,train
SW778,train
SW3667,train
SW5629,train
SW3505,train
SW4639,train
SW2601,train
SW1894,train
SW4621,train
SW4202,train
SW1852,train
SW4068,train
SW3829,train
SW5377,train
SW5728,train
SW3813,train
SW5575,train
SW1815,train
SW4958,train
SW3418,train
SW491,train
SW2440,train
SW3689,train
SW2346,train
SW4596,train
SW6176,train
SW4321,train
SW5224,train
SW4285,train
SW5454,train
SW2748,train
SW1682,train
SW2058,train
SW5711,train
SW4071,train
SW6409,train
SW2287,train
SW6040,train
SW5789,train
SW3123,train
SW3830,train
SW87,train
SW237,train
SW3550,train
SW6238,train
SW953,train
SW5762,train
SW5234,train
SW1912,train
SW651,train
SW973,train
SW1610,train
SW6436,train
SW2943,train
SW1150,train
SW2972,train
SW5144,train
SW299,train
SW1496,train
SW1619,train
SW1945,train
SW483,train
SW212,train
SW607,train
SW1736,train
SW1853,train
SW1369,train
SW4507,train
SW1016,train
SW6055,train
SW2204,train
SW260,train
SW4679,train
SW960,train
SW4759,train
SW4582,train
SW1952,train
SW352,train
SW4951,train
SW5270,train
SW5566,train
SW2805,train
SW4194,train
SW3714,train
SW5677,train
SW4420,train
SW655,train
SW1188,train
SW3107,train
SW6108,train
SW5568,train
SW791,train
SW4775,train
SW2176,train
SW927,train
SW4571,train
SW4330,train
SW2050,train
SW6364,train
SW2502,train
SW3265,train
SW5549,train
SW1614,train
SW2107,train
SW4814,train
SW2472,train
SW6346,train
SW6166,train
SW999,train
SW2471,train
SW4040,train
SW2690,train
SW3508,train
SW3351,train
SW4772,train
SW3515,train
SW1215,train
SW2242,train
SW5793,train
SW4930,train
SW2737,train
SW5479,train
SW2043,train
SW1982,train
SW5947,train
SW5379,train
SW857,train
SW4758,train
SW977,train
SW3274,train
SW5931,train
SW5208,train
SW1904,train
SW2908,train
SW2550,train
SW1454,train
SW4615,train
SW1204,train
SW6144,train
SW1578,train
SW335,train
SW6290,train
SW518,train
SW696,train
SW140,train
SW2960,train
SW389,train
SW4806,train
SW5995,train
SW2309,train
SW3205,train
SW5401,train
SW1002,train
SW4267,train
SW3218,train
SW153,train
SW5484,train
SW1277,train
SW1256,train
SW5697,train
SW6210,train
SW5964,train
SW3752,train
SW6121,train
SW3607,train
SW1714,train
SW670,train
SW3466,train
SW2572,train
SW5527,train
SW5326,train
SW1866,train
SW318,train
SW110,train
SW3244,train
SW3652,train
SW5562,train
SW1514,train
SW5300,train
SW4306,train
SW5577,train
SW202,train
SW843,train
SW865,train
SW3437,train
SW1769,train
SW4486,train
SW6354,train
SW1908,train
SW1910,train
SW1689,train
SW3057,train
SW3361,train
SW144,train
SW1119,train
SW2132,train
SW5818,train
SW5943,train
SW1207,train
SW858,train
SW5661,train
SW1289,train
SW1570,train
SW5275,train
SW204,train
SW719,train
SW5702,train
SW5210,train
SW486,train
SW3984,train
SW3305,train
SW2832,train
SW949,train
SW5932,train
SW3648,train
SW3159,train
SW2363,train
SW517,train
SW6281,train
SW2063,train
SW4374,train
SW4658,train
SW3206,train
SW1259,train
SW427,train
SW905,train
SW3033,train
SW3446,train
SW906,train
SW5005,train
SW6272,train
SW4834,train
SW5453,train
SW4307,train
SW6207,train
SW6266,train
SW1163,train
SW4551,train
SW5285,train
SW1105,train
SW3509,train
SW200,train
SW5003,train
SW1991,train
SW948,train
SW5866,train
SW3097,train
SW5871,train
SW2611,train
SW4544,train
SW2988,train
SW5641,train
SW779,train
SW6340,train
SW3346,train
SW2198,train
SW1516,train
SW4199,train
SW3330,train
SW4982,train
SW1101,train
SW5339,train
SW2191,train
SW5745,train
SW5524,train
SW5674,train
SW4518,train
SW5056,train
SW3241,train
SW154,train
SW4868,train
SW1187,train
SW1274,train
SW182,train
SW167,train
SW1149,train
SW1808,train
SW5809,train
SW272,train
SW1483,train
SW92,train
SW3459,train
SW732,train
SW4116,train
SW263,train
SW1173,train
SW5526,train
SW6052,train
SW4812,train
SW374,train
SW4311,train
SW2583,train
SW2841,train
SW1671,train
SW5815,train
SW3658,train
SW4559,train
SW5610,train
SW504,train
SW5959,train
SW489,train
SW4032,train
SW3655,train
SW1471,train
SW6034,train
SW2632,train
SW5367,train
SW11,train
SW1206,train
SW2981,train
SW1261,train
SW6173,train
SW5605,train
SW1597,train
SW4697,train
SW1620,train
SW3654,train
SW37,train
SW3027,train
SW836,train
SW4500,train
SW1021,train
SW4164,train
SW2339,train
SW2616,train
SW2644,train
SW5835,train
SW2797,train
SW319,train
SW5257,train
SW5823,train
SW2393,train
SW3196,train
SW3728,train
SW1838,train
SW6322,train
SW5205,train
SW5580,train
SW2887,train
SW2074,train
SW4023,train
SW1644,train
SW1498,train
SW2527,train
SW5472,train
SW3323,train
SW93,train
SW1327,train
SW4696,train
SW5130,train
SW122,train
SW729,train
SW2295,train
SW537,train
SW1222,train
SW5683,train
SW2439,train
SW3581,train
SW3527,train
SW3342,train
SW3989,train
SW2,train
SW4397,train
SW4529,train
SW753,train
SW6305,train
SW947,train
SW4396,train
SW1907,train
SW2003,train
SW1132,train
SW6190,train
SW4871,train
SW1640,train
SW3485,train
SW4731,train
SW6223,train
SW2428,train
SW2422,train
SW4773,train
SW5665,train
SW835,train
SW3210,train
SW2892,train
SW3088,train
SW634,train
SW2740,train
SW6150,train
SW207,train
SW2124,train
SW6215,train
SW6159,train
SW3340,train
SW5842,train
SW4843,train
SW3780,train
SW3022,train
SW1871,train
SW1569,train
SW3,train
SW1144,train
SW4210,train
SW1992,train
SW1746,train
SW2012,train
SW5528,train
SW171,train
SW1133,train
SW4786,train
SW3912,train
SW4805,train
SW3333,train
SW2732,train
SW2743,train
SW1755,train
SW5227,train
SW4502,train
SW3345,train
SW630,train
SW4333,train
SW5136,train
SW5849,train
SW5639,train
SW5996,train
SW1399,train
SW2808,train
SW1683,train
SW3208,train
SW3098,train
SW647,train
SW4585,train
SW4449,train
SW5805,train
SW2089,train
SW4344,train
SW382,train
SW2727,train
SW2474,train
SW5755,train
SW5530,train
SW1493,train
SW2248,train
SW6245,train
SW4435,train
SW2300,train
SW2902,train
SW101,train
SW2251,train
SW1725,train
SW1361,train
SW4260,train
SW1504,train
SW2983,train
SW4800,train
SW5926,train
SW1480,train
SW4243,train
SW330,train
SW1759,train
SW5448,train
SW1799,train
SW2046,train
SW2979,train
SW6217,train
SW3263,train
SW1474,train
SW4962,train
SW5492,train
SW1030,train
SW2235,train
SW4971,train
SW1572,train
SW5148,train
SW1559,train
SW4037,train
SW4791,train
SW5704,train
SW5658,train
SW3711,train
SW2580,train
SW1804,train
SW2115,train
SW4246,train
SW2708,train
SW2484,train
SW2804,train
SW5467,train
SW1684,train
SW3947,train
SW3983,train
SW5262,train
SW4561,train
SW1093,train
SW2803,train
SW2123,train
SW5606,train
SW758,train
SW4248,train
SW1164,train
SW2199,train
SW3291,train
SW5006,train
SW1381,train
SW2664,train
SW1229,train
SW1182,train
SW1890,train
SW1281,train
SW5118,train
SW912,train
SW4256,train
SW645,train
SW1649,train
SW2849,train
SW3683,train
SW2008,train
SW5583,train
SW6158,train
SW1417,train
SW5149,train
SW6309,train
SW4447,train
SW2728,train
SW1130,train
SW3808,train
SW96,train
SW734,train
SW663,train
SW1439,train
SW1944,train
SW5979,train
SW4226,train
SW1939,train
SW1513,train
SW6115,train
SW6280,train
SW6080,train
SW214,train
SW2556,train
SW67,train
SW2007,train
SW6332,train
SW5982,train
SW2874,train
SW2436,train
SW3777,train
SW3869,train
SW6079,train
SW333,train
SW5349,train
SW2577,train
SW234,train
SW5313,train
SW2576,train
SW2608,train
SW1657,train
SW4949,train
SW4985,train
SW2284,train
SW5051,train
SW90,train
SW3304,train
SW77,train
SW5435,train
SW4726,train
SW3271,train
SW2807,train
SW98,train
SW2463,train
SW2555,train
SW2554,train
SW4543,train
SW6415,train
SW1418,train
SW2194,train
SW5119,train
SW5415,train
SW215,train
SW4141,train
SW203,train
SW5126,train
SW3261,train
SW3105,train
SW4874,train
SW3766,train
SW6274,train
SW4387,train
SW3410,train
SW3359,train
SW5554,train
SW1216,train
SW5456,train
SW4941,train
SW2789,train
SW3041,train
SW1441,train
SW4730,train
SW227,train
SW276,train
SW6013,train
SW2903,train
SW4233,train
SW4532,train
SW4935,train
SW327,train
SW6232,train
SW1673,train
SW395,train
SW3717,train
SW4572,train
SW5244,train
SW1315,train
SW4691,train
SW916,train
SW6298,train
SW6380,train
SW4423,train
SW2035,train
SW6104,train
SW2220,train
SW177,train
SW968,train
SW1983,train
SW886,train
SW1335,train
SW1252,train
SW2429,train
SW5830,train
SW257,train
SW1131,train
SW1073,train
SW3841,train
SW4153,train
SW1117,train
SW3978,train
SW3783,train
SW2185,train
SW2662,train
SW6039,train
SW1377,train
SW5203,train
SW1044,train
SW4416,train
SW3565,train
SW1490,train
SW3381,train
SW423,train
SW1845,train
SW6187,train
SW4354,train
SW270,train
SW6043,train
SW618,train
SW4425,train
SW723,train
SW3228,train
SW3477,train
SW3544,train
SW6107,train
SW854,train
SW6410,train
SW1555,train
SW4923,train
SW1745,train
SW4820,train
SW1223,train
SW1367,train
SW1348,train
SW5010,train
SW5567,train
SW2301,train
SW5185,train
SW5021,train
SW5384,train
SW1142,train
SW3906,train
SW2781,train
SW4534,train
SW907,train
SW1582,train
SW3645,train
SW4782,train
SW6019,train
SW4955,train
SW1885,train
SW3148,train
SW5673,train
SW3591,train
SW4160,train
SW5616,train
SW6060,train
SW4836,train
SW222,train
SW6330,train
SW6188,train
SW4076,train
SW3416,train
SW4570,train
SW1584,train
SW1832,train
SW1772,train
SW4444,train
SW5249,train
SW4728,train
SW593,train
SW3888,train
SW4208,train
SW32,train
SW2963,train
SW4890,train
SW3151,train
SW323,train
SW151,train
SW3489,train
SW2205,train
SW2895,train
SW1300,train
SW5330,train
SW2936,train
SW3618,train
SW1146,train
SW5373,train
SW3238,train
SW976,train
SW4062,train
SW1776,train
SW5235,train
SW2726,train
SW1322,train
SW1434,train
SW2788,train
SW4443,train
SW1994,train
SW4825,train
SW818,train
SW730,train
SW4965,train
SW3232,train
SW1980,train
SW6279,train
SW2258,train
SW4928,train
SW5309,train
SW2312,train
SW3973,train
SW1447,train
SW5431,train
SW2860,train
SW3773,train
SW6071,train
SW2402,train
SW3961,train
SW5142,train
SW262,train
SW5928,train
SW3853,train
SW6237,train
SW4125,train
SW577,train
SW6344,train
SW3081,train
SW1594,train
SW2729,train
SW6261,train
SW5237,train
SW6033,train
SW3594,train
SW236,train
SW3447,train
SW4918,train
SW5891,train
SW1402,train
SW650,train
SW1128,train
SW383,train
SW1264,train
SW2430,train
SW3397,train
SW1107,train
SW3095,train
SW1807,train
SW1294,train
SW4338,train
SW1647,train
SW49,train
SW34,train
SW620,train
SW979,train
SW5777,train
SW1310,train
SW2617,train
SW908,train
SW4577,train
SW2093,train
SW4813,train
SW5418,train
SW3491,train
SW2757,train
SW1080,train
SW2403,train
SW3142,train
SW5820,train
SW4610,train
SW3243,train
SW5579,train
SW6120,train
SW1646,train
SW3099,train
SW3902,train
SW4676,train
SW3344,train
SW1184,train
SW54,train
SW4304,train
SW5447,train
SW720,train
SW150,train
SW4531,train
SW558,train
SW5813,train
SW2022,train
SW1557,train
SW4089,train
SW1878,train
SW2296,train
SW2329,train
SW3239,train
SW0,train
SW1009,train
SW3828,train
SW5007,train
SW2624,train
SW3549,train
SW83,train
SW4520,train
SW3569,train
SW5756,train
SW1704,train
SW2569,train
SW4897,train
SW2625,train
SW530,train
SW1949,train
SW2006,train
SW4066,train
SW2967,train
SW3650,train
SW5989,train
SW1192,train
SW3341,train
SW5437,train
SW2691,train
SW3184,train
SW3292,train
SW5887,train
SW3482,train
SW4948,train
SW4427,train
SW5258,train
SW1785,train
SW2521,train
SW3393,train
SW3763,train
SW3314,train
SW5905,train
SW1393,train
SW2553,train
SW5705,train
SW4035,train
SW4091,train
SW3917,train
SW3571,train
SW5369,train
SW1437,train
SW6328,train
SW2020,train
SW3972,train
SW524,train
SW2613,train
SW4617,train
SW1805,train
SW2787,train
SW2040,train
SW6296,train
SW3150,train
SW5920,train
SW4144,train
SW636,train
SW3387,train
SW6164,train
SW3626,train
SW621,train
SW3113,train
SW5392,train
SW4074,train
SW152,train
SW1036,train
SW4255,train
SW6241,train
SW1862,train
SW413,train
SW2492,train
SW5517,train
SW6008,train
SW1077,train
SW3487,train
SW992,train
SW933,train
SW5972,train
SW4172,train
SW447,train
SW4298,train
SW321,train
SW6066,train
SW3202,train
SW4702,train
SW3311,train
SW3419,train
SW2092,train
SW2167,train
SW4539,train
SW3599,train
SW1869,train
SW5449,train
SW3627,train
SW1956,train
SW5327,train
SW4754,train
SW3990,train
SW5739,train
SW6126,train
SW5264,train
SW3680,train
SW2130,train
SW6098,train
SW3646,train
SW5653,train
SW2639,train
SW280,train
SW5145,train
SW5939,train
SW1239,train
SW2894,train
SW1096,train
SW1685,train
SW4018,train
SW3536,train
SW5636,train
SW6240,train
SW5307,train
SW1692,train
SW5114,train
SW342,train
SW4355,train
SW838,train
SW4065,train
SW5040,train
SW66,train
SW5452,train
SW2679,train
SW127,train
SW2587,train
SW245,train
SW5584,train
SW1666,train
SW18,train
SW592,train
SW5961,train
SW3417,train
SW2765,train
SW5538,train
SW3921,train
SW4371,train
SW3032,train
SW1672,train
SW5570,train
SW1744,train
SW5967,train
SW5200,train
SW5190,train
SW2881,train
SW4326,train
SW4079,train
SW1901,train
SW4902,train
SW4675,train
SW45,train
SW3957,train
SW712,train
SW4591,train
SW3802,train
SW1985,train
SW5297,train
SW2966,train
SW1537,train
SW2833,train
SW6311,train
SW1196,train
SW637,train
SW533,train
SW5727,train
SW5655,train
SW3220,train
SW5975,train
SW2319,train
SW2172,train
SW5063,train
SW4372,train
SW6103,train
SW617,train
SW306,train
SW3779,train
SW1806,train
SW790,train
SW5500,train
SW1186,train
SW1290,train
SW477,train
SW2651,train
SW414,train
SW1903,train
SW1670,train
SW747,train
SW5737,train
SW3588,train
SW746,train
SW2209,train
SW4075,train
SW3492,train
SW4774,train
SW391,train
SW1168,train
SW6146,train
SW2383,train
SW1891,train
SW793,train
SW21,train
SW511,train
SW1926,train
SW5115,train
SW4351,train
SW6220,train
SW3694,train
SW2723,train
SW5364,train
SW6179,train
SW2869,train
SW3154,train
SW1568,train
SW590,train
SW4183,train
SW2292,train
SW6254,train
SW698,train
SW1752,train
SW506,train
SW5204,train
SW3686,train
SW4292,train
SW1332,train
SW3764,train
SW2431,train
SW1208,train
SW2332,train
SW231,train
SW3754,train
SW932,train
SW4497,train
SW708,train
SW1665,train
SW1542,train
SW5246,train
SW2602,train
SW6267,train
SW5860,train
SW416,train
SW1286,train
SW3348,train
SW3742,train
SW4669,train
SW2878,train
SW4028,train
SW665,train
SW2989,train
SW5619,train
SW2160,train
SW3230,train
SW3366,train
SW293,train
SW1979,train
SW5474,train
SW1285,train
SW5143,train
SW3743,train
SW4038,train
SW1025,train
SW5763,train
SW5798,train
SW386,train
SW2673,train
SW4061,train
SW2525,train
SW994,train
SW3134,train
SW5459,train
SW2563,train
SW5398,train
SW4568,train
SW3048,train
SW770,train
SW4974,train
SW462,train
SW4937,train
SW6275,train
SW4492,train
SW6087,train
SW27,train
SW1364,train
SW3595,train
SW3733,train
SW2730,train
SW5977,train
SW1303,train
SW4717,train
SW5291,train
SW527,train
SW1103,train
SW6377,train
SW4415,train
SW4564,train
SW2010,train
SW402,train
SW1275,train
SW5231,train
SW2523,train
SW528,train
SW4594,train
SW4961,train
SW4085,train
SW991,train
SW1999,train
SW2801,train
SW6393,train
SW2820,train
SW519,train
SW1111,train
SW2508,train
SW894,train
SW2870,train
SW2475,train
SW4393,train
SW4481,train
SW5550,train
SW4605,train
SW1176,train
SW431,train
SW440,train
SW5956,train
SW5239,train
SW2057,train
SW5672,train
SW660,train
SW1371,train
SW2306,train
SW5602,train
SW1112,train
SW2846,train
SW5946,train
SW1943,train
SW958,train
SW3516,train
SW5008,train
SW5359,train
SW26,train
SW6132,train
SW418,train
SW502,train
SW4191,train
SW2071,train
SW515,train
SW290,train
SW525,train
SW1655,train
SW3823,train
SW6022,train
SW1739,train
SW3572,train
SW3999,train
SW3892,train
SW5882,train
SW5440,train
SW1651,train
SW4353,train
SW5590,train
SW532,train
SW1353,train
SW2065,train
SW2168,train
SW4405,train
SW1245,train
SW1543,train
SW2910,train
SW1054,train
SW1527,train
SW6032,train
SW4109,train
SW2544,train
SW1357,train
SW3538,train
SW1464,train
SW1877,train
SW6350,train
SW701,train
SW4098,train
SW4159,train
SW2437,train
SW2211,train
SW2374,train
SW2922,train
SW4320,train
SW5980,train
SW4313,train
SW5675,train
SW229,train
SW2927,train
SW473,train
SW4188,train
SW3835,train
SW3736,train
SW4595,train
SW4088,train
SW4581,train
SW5624,train
SW6031,train
SW5321,train
SW2710,train
SW78,train
SW1038,train
SW5216,train
SW1851,train
SW684,train
SW6257,train
SW5535,train
SW5073,train
SW3248,train
SW2158,train
SW6373,train
SW6327,train
SW1639,train
SW1370,train
SW2116,train
SW3167,train
SW2984,train
SW5343,train
SW4200,train
SW5924,train
SW3513,train
SW4787,train
SW2442,train
SW1438,train
SW3444,train
SW1328,train
SW6059,train
SW1429,train
SW5422,train
SW14,train
SW5444,train
SW453,train
SW1940,train
SW4976,train
SW5303,train
SW4583,train
SW4070,train
SW774,train
SW2285,train
SW428,train
SW5181,train
SW1440,train
SW1575,train
SW6315,train
SW1661,train
SW1195,train
SW5475,train
SW1681,train
SW4914,train
SW2731,train
SW5999,train
SW1023,train
SW542,train
SW2592,train
SW4866,train
SW5817,train
SW2359,train
SW5466,train
SW4519,train
SW3804,train
SW12,train
SW3128,train
SW5633,train
SW1463,train
SW5035,train
SW6068,train
SW1177,train
SW3091,train
SW2559,train
SW1124,train
SW297,train
SW3552,train
SW62,train
SW1511,train
SW900,train
SW3859,train
SW241,train
SW5318,train
SW4587,train
SW5109,train
SW4478,train
SW5424,train
SW6149,train
SW1325,train
SW5578,train
SW3596,train
SW4848,train
SW1738,train
SW5000,train
SW514,train
SW3058,train
SW5876,train
SW1334,train
SW1148,train
SW4466,train
SW2421,train
SW2316,train
SW3668,train
SW6002,train
SW1365,train
SW3480,train
SW1873,train
SW6321,train
SW4822,train
SW375,train
SW3899,train
SW1524,train
SW249,train
SW2799,train
SW2578,train
SW1456,train
SW4904,train
SW3642,train
SW1414,train
SW3503,train
SW2863,train
SW5324,train
SW4436,train
SW5973,train
SW1217,train
SW5654,train
SW3195,train
SW6168,train
SW435,train
SW2169,train
SW4135,train
SW4090,train
SW6153,train
SW2626,train
SW580,train
SW2464,train
SW4915,train
SW3456,train
SW2850,train
SW1650,train
SW5243,train
SW188,train
SW5958,train
SW898,train
SW4181,train
SW501,train
SW4661,train
SW3697,train
SW5916,train
SW19,train
SW5799,train
SW5623,train
SW2725,train
SW6140,train
SW2924,train
SW2350,train
SW1654,train
SW2001,train
SW3547,train
SW1422,train
SW5589,train
SW4498,train
SW4190,train
SW579,train
SW802,train
SW2606,train
SW2591,train
SW4048,train
SW3281,train
SW5486,train
SW548,train
SW1066,train
SW5698,train
SW6099,train
SW5615,train
SW3857,train
SW488,train
SW3633,train
SW978,train
SW362,train
SW2855,train
SW5271,train
SW4998,train
SW265,train
SW1538,train
SW1818,train
SW2048,train
SW30,train
SW929,train
SW6338,train
SW5814,train
SW4796,train
SW5581,train
SW6084,train
SW3374,train
SW811,train
SW1028,train
SW4636,train
SW2052,train
SW2683,train
SW16,train
SW3950,train
SW40,train
SW5382,train
SW2588,train
SW1116,train
SW1573,train
SW588,train
SW1783,train
SW1733,train
SW4944,train
SW2946,train
SW4666,train
SW4682,train
SW6203,train
SW3860,train
SW4716,train
SW3982,train
SW5867,train
SW1049,train
SW5138,train
SW2180,train
SW454,train
SW5480,train
SW3598,train
SW4940,train
SW2435,train
SW984,train
SW361,train
SW4824,train
SW5825,train
SW5165,train
SW915,train
SW4755,train
SW4988,train
SW5555,train
SW1872,train
SW873,train
SW1012,train
SW6231,train
SW5930,train
SW1282,train
SW1501,train
SW1921,train
SW3283,train
SW4235,train
SW4512,train
SW1078,train
SW6287,train
SW4829,train
SW2503,train
SW4472,train
SW603,train
SW3307,train
SW2257,train
SW5451,train
SW1228,train
SW379,train
SW2283,train
SW855,train
SW4526,train
SW2076,train
SW3264,train
SW2298,train
SW1935,train
SW1710,train
SW60,train
SW4433,train
SW1607,train
SW2913,train
SW4168,train
SW5700,train
SW6356,train
SW6378,train
SW367,train
SW5519,train
SW2453,train
SW5319,train
SW2784,train
SW99,train
SW2631,train
SW5656,train
SW2715,train
SW4247,train
SW5240,train
SW1251,train
SW869,train
SW5547,train
SW576,train
SW2135,train
SW442,train
SW1592,train
SW5274,train
SW3182,train
SW1444,train
SW4606,train
SW2941,train
SW6172,train
SW4644,train
SW2090,train
SW5376,train
SW1990,train
SW5865,train
SW827,train
SW757,train
SW3589,train
SW5821,train
SW5027,train
SW2564,train
SW3470,train
SW3365,train
SW2175,train
SW1351,train
SW2118,train
SW271,train
SW1465,train
SW3268,train
SW6262,train
SW258,train
SW4047,train
SW2009,train
SW536,train
SW3044,train
SW3966,train
SW957,train
SW2454,train
SW4771,train
SW5628,train
SW5792,train
SW158,train
SW6096,train
SW2094,train
SW1937,train
SW5787,train
SW4590,train
SW3411,train
SW1920,train
SW3069,train
SW2648,train
SW6102,train
SW4474,train
SW3718,train
SW2294,train
SW5478,train
SW1551,train
SW424,train
SW2075,train
SW2907,train
SW3903,train
SW1822,train
SW1396,train
SW6226,train
SW303,train
SW1974,train
SW2479,train
SW4632,train
SW314,train
SW4991,train
SW5903,train
SW3433,train
SW42,train
SW4133,train
SW4404,train
SW5489,train
SW3115,train
SW1707,train
SW1505,train
SW3372,train
SW5498,train
SW1385,train
SW3352,train
SW4468,train
SW3302,train
SW3421,train
SW4630,train
SW2549,train
SW6051,train
SW5259,train
SW562,train
SW3072,train
SW5846,train
SW1231,train
SW4638,train
SW3724,train
SW470,train
SW2190,train
SW2370,train
SW3852,train
SW4540,train
SW1547,train
SW2621,train
SW63,train
SW3866,train
SW601,train
SW5151,train
SW3334,train
SW2331,train
SW4580,train
SW921,train
SW3052,train
SW675,train
SW4469,train
SW2734,train
SW3284,train
SW5335,train
SW1074,train
SW5397,train
SW4142,train
SW794,train
SW2896,train
SW3212,train
SW3036,train
SW664,train
SW2200,train
SW228,train
SW192,train
SW1299,train
SW4258,train
SW5556,train
SW4216,train
SW3356,train
SW1523,train
SW350,train
SW4850,train
SW5355,train
SW1198,train
SW1691,train
SW3719,train
SW5228,train
SW1997,train
SW4057,train
SW261,train
SW975,train
SW5093,train
SW988,train
SW2458,train
SW1413,train
SW1056,train
SW2368,train
SW3968,train
SW1232,train
SW1045,train
SW38,train
SW4007,train
SW4906,train
SW2909,train
SW6230,train
SW652,train
SW784,train
SW945,train
SW3061,train
SW3216,train
SW1924,train
SW2794,train
SW3955,train
SW4392,train
SW5668,train
SW5346,train
SW1070,train
SW738,train
SW1645,train
SW1612,train
SW4232,train
SW5881,train
SW5207,train
SW1291,train
SW124,train
SW3676,train
SW3379,train
SW2487,train
SW1221,train
SW4413,train
SW1587,train
SW3475,train
SW2911,train
SW4289,train
SW3336,train
SW4835,train
SW2791,train
SW2901,train
SW86,train
SW1701,train
SW475,train
SW4106,train
SW1968,train
SW2434,train
SW5323,train
SW1893,train
SW2861,train
SW5857,train
SW1139,train
SW3252,train
SW6319,train
SW2352,train
SW1909,train
SW1145,train
SW2661,train
SW5988,train
SW2015,train
SW2992,train
SW3826,train
SW2268,train
SW5385,train
SW499,train
SW642,train
SW4253,train
SW4744,train
SW3590,train
SW4178,train
SW2348,train
SW5574,train
SW6251,train
SW5987,train
SW5403,train
SW5004,train
SW1191,train
SW5030,train
SW3083,train
SW1013,train
SW2755,train
SW879,train
SW4147,train
SW243,train
SW1433,train
SW242,train
SW4236,train
SW3885,train
SW676,train
SW4665,train
SW4746,train
SW1835,train
SW4725,train
SW3019,train
SW1314,train
SW3800,train
SW5911,train
SW5421,train
SW680,train
SW1794,train
SW1662,train
SW5708,train
SW2756,train
SW2762,train
SW2600,train
SW4887,train
SW2650,train
SW5206,train
SW864,train
SW6192,train
SW1247,train
SW5634,train
SW1020,train
SW5802,train
SW2261,train
SW4875,train
SW4625,train
SW1178,train
SW1287,train
SW513,train
SW4173,train
SW5703,train
SW4272,train
SW5076,train
SW4565,train
SW6239,train
SW5072,train
SW3942,train
SW1295,train
SW1632,train
SW3546,train
SW2858,train
SW1126,train
SW3378,train
SW3887,train
SW6286,train
SW4828,train
SW931,train
SW5471,train
SW5991,train
SW3169,train
SW2716,train
SW5681,train
SW4271,train
SW3082,train
SW3497,train
SW4303,train
SW4241,train
SW2609,train
SW2382,train
SW3653,train
SW2718,train
SW2335,train
SW1648,train
SW6413,train
SW5378,train
SW5055,train
SW412,train
SW3031,train
SW4858,train
SW2320,train
SW2145,train
SW4878,train
SW5601,train
SW5523,train
SW4514,train
SW2080,train
SW3510,train
SW1823,train
SW2678,train
SW743,train
SW415,train
SW4347,train
SW1630,train
SW3976,train
SW5108,train
SW5058,train
SW3460,train
SW6004,train
SW3164,train
SW5914,train
SW4768,train
SW301,train
SW2336,train
SW3943,train
SW1934,train
SW10,train
SW5614,train
SW1345,train
SW1819,train
SW4358,train
SW3125,train
SW5483,train
SW4138,train
SW6157,train
SW3327,train
SW370,train
SW1410,train
SW4342,train
SW4837,train
SW4359,train
SW1548,train
SW73,train
SW2886,train
SW5800,train
SW4331,train
SW6093,train
SW549,train
SW189,train
SW6091,train
SW2604,train
SW769,train
SW553,train
SW1026,train
SW2394,train
SW6016,train
SW5631,train
SW2735,train
SW3682,train
SW4997,train
SW1482,train
SW1615,train
SW3519,train
SW2029,train
SW3297,train
SW1305,train
SW2638,train
SW6365,train
SW798,train
SW1431,train
SW197,train
SW3436,train
SW5888,train
SW3309,train
SW5971,train
SW3916,train
SW5443,train
SW5434,train
SW695,train
SW4891,train
SW1765,train
SW569,train
SW3905,train
SW4003,train
SW2032,train
SW1115,train
SW3350,train
SW970,train
SW6067,train
SW3928,train
SW5293,train
SW3457,train
SW5387,train
SW4382,train
SW2853,train
SW5173,train
SW309,train
SW4362,train
SW2495,train
SW3221,train
SW4102,train
SW4081,train
SW550,train
SW749,train
SW2786,train
SW5901,train
SW5780,train
SW6337,train
SW964,train
SW3067,train
SW3842,train
SW3940,train
SW3821,train
SW2381,train
SW1611,train
SW1788,train
SW2758,train
SW3825,train
SW1617,train
SW2196,train
SW3604,train
SW3583,train
SW3617,train
SW2314,train
SW6014,train
SW1442,train
SW3129,train
SW740,train
SW5310,train
SW2864,train
SW4124,train
SW5124,train
SW5465,train
SW2260,train
SW3452,train
SW3279,train
SW2395,train
SW924,train
SW2011,train
SW2519,train
SW5803,train
SW3224,train
SW1778,train
SW6294,train
SW3181,train
SW5712,train
SW4513,train
SW104,train
SW2862,train
SW4152,train
SW2915,train
SW2969,train
SW5374,train
SW1445,train
SW3863,train
SW3294,train
SW183,train
SW2326,train
SW1884,train
SW5838,train
SW4301,train
SW1531,train
SW2033,train
SW2957,train
SW1313,train
SW1841,train
SW5588,train
SW4959,train
SW3110,train
SW425,train
SW2825,train
SW3186,train
SW3010,train
SW1069,train
SW4494,train
SW3526,train
SW5380,train
SW783,train
SW1288,train
SW2349,train
SW74,train
SW2494,train
SW436,train
SW3429,train
SW2646,train
SW4366,train
SW3805,train
SW2668,train
SW3603,train
SW1412,train
SW6250,train
SW3369,train
SW2999,train
SW3850,train
SW2343,train
SW3192,train
SW959,train
SW3229,train
SW2101,train
SW3479,train
SW5794,train
SW1265,train
SW2448,train
SW4380,train
SW2413,train
SW2689,train
SW1748,train
SW3998,train
SW2351,train
SW464,train
SW4230,train
SW2456,train
SW1037,train
SW710,train
SW3937,train
SW3988,train
SW1237,train
SW4533,train
SW2566,train
SW5974,train
SW5155,train
SW1323,train
SW444,train
SW1255,train
SW2760,train
SW2318,train
SW2400,train
SW2299,train
SW288,train
SW6335,train
SW4480,train
SW31,train
SW4026,train
SW377,train
SW3817,train
SW2838,train
SW4297,train
SW1867,train
SW2262,train
SW2391,train
SW5279,train
SW3868,train
SW6349,train
SW1897,train
SW2280,train
SW460,train
SW2188,train
SW4521,train
SW4892,train
SW2455,train
SW1656,train
SW351,train
SW3373,train
SW5198,train
SW3707,train
SW1114,train
SW6398,train
SW2574,train
SW5599,train
SW4249,train
SW3611,train
SW5395,train
SW5900,train
SW5771,train
SW4252,train
SW1675,train
SW1390,train
SW2181,train
SW1606,train
SW1372,train
SW1296,train
SW1917,train
SW273,train
SW1928,train
SW1389,train
SW5314,train
SW2444,train
SW5199,train
SW785,train
SW6148,train
SW4777,train
SW1609,train
SW920,train
SW1481,train
SW3881,train
SW2317,train
SW5280,train
SW6333,train
SW6195,train
SW6418,train
SW143,train
SW1898,train
SW4432,train
SW4969,train
SW3649,train
SW2938,train
SW135,train
SW4337,train
SW4459,train
SW3605,train
SW2703,train
SW5890,train
SW2795,train
SW2129,train
SW6236,train
SW1344,train
SW955,train
SW4343,train
SW2302,train
SW2369,train
SW2655,train
SW4176,train
SW2005,train
SW4139,train
SW1719,train
SW353,train
SW1140,train
SW159,train
SW4857,train
SW4510,train
SW5183,train
SW5278,train
SW2596,train
SW4840,train
SW5774,train
SW6070,train
SW4541,train
SW4227,train
SW1915,train
SW3537,train
SW3539,train
SW727,train
SW3338,train
SW3749,train
SW2104,train
SW4299,train
SW4332,train
SW4148,train
SW2868,train
SW3074,train
SW4684,train
SW5504,train
SW1556,train
SW4017,train
SW1641,train
SW434,train
SW5166,train
SW4879,train
SW2384,train
SW3371,train
SW4005,train
SW1337,train
SW3855,train
SW4460,train
SW1395,train
SW5098,train
SW6430,train
SW3832,train
SW2451,train
SW2193,train
SW668,train
SW1638,train
SW4919,train
SW1829,train
SW2386,train
SW4817,train
SW336,train
SW3936,train
SW5714,train
SW378,train
SW1120,train
SW5020,train
SW610,train
SW5635,train
SW4517,train
SW1814,train
SW3242,train
SW3380,train
SW4092,train
SW5053,train
SW5761,train
SW3977,train
SW1032,train
SW5023,train
SW3659,train
SW4505,train
SW966,train
SW3270,train
SW714,train
SW5759,train
SW5048,train
SW1253,train
SW2845,train
SW2334,train
SW6027,train
SW420,train
SW2536,train
SW5507,train
SW6,train
SW745,train
SW3893,train
SW3296,train
SW1470,train
SW4300,train
SW2660,train
SW4451,train
SW3277,train
SW2233,train
SW5951,train
SW6191,train
SW281,train
SW4185,train
SW4753,train
SW4846,train
SW2709,train
SW3809,train
SW3011,train
SW396,train
SW6086,train
SW5368,train
SW1680,train
SW4723,train
SW5542,train
SW800,train
SW3981,train
SW5721,train
SW5342,train
SW1846,train
SW2610,train
SW767,train
SW3078,train
SW15,train
SW4778,train
SW1407,train
SW345,train
SW3157,train
SW3637,train
SW4954,train
SW829,train
SW4966,train
SW1533,train
SW5047,train
SW400,train
SW2800,train
SW2659,train
SW2333,train
SW3723,train
SW5840,train
SW2483,train
SW4409,train
SW3160,train
SW941,train
SW5768,train
SW2136,train
SW162,train
SW3161,train
SW2177,train
SW5089,train
SW5059,train
SW969,train
SW861,train
SW3473,train
SW2589,train
SW4622,train
SW2269,train
SW6314,train
SW5617,train
SW2994,train
SW819,train
SW1194,train
SW1595,train
SW4224,train
SW1802,train
SW5386,train
SW256,train
SW3542,train
SW1728,train
SW1453,train
SW3256,train
SW3024,train
SW4743,train
SW6255,train
SW654,train
SW3254,train
SW5690,train
SW3335,train
SW5836,train
SW1571,train
SW114,train
SW4269,train
SW5997,train
SW2518,train
SW888,train
SW1787,train
SW5864,train
SW1854,train
SW244,train
SW190,train
SW4488,train
SW4086,train
SW1951,train
SW6222,train
SW1789,train
SW4999,train
SW5494,train
SW1324,train
SW805,train
SW2064,train
SW1530,train
SW540,train
SW1762,train
SW4406,train
SW1971,train
SW2128,train
SW2355,train
SW3745,train
SW3188,train
SW5268,train
SW5250,train
SW4781,train
SW4266,train
SW4087,train
SW5664,train
SW5839,train
SW950,train
SW5099,train
SW2197,train
SW5933,train
SW3453,train
SW1624,train
SW3403,train
SW6318,train
SW2998,train
SW1565,train
SW5869,train
SW2148,train
SW485,train
SW6325,train
SW4189,train
SW1696,train
SW965,train
SW891,train
SW4263,train
SW476,train
SW3962,train
SW4714,train
SW938,train
SW2517,train
SW2836,train
SW3762,train
SW2856,train
SW3005,train
SW5043,train
SW3423,train
SW5994,train
SW2956,train
SW359,train
SW735,train
SW2567,train
SW780,train
SW6256,train
SW5356,train
SW2237,train
SW403,train
SW4329,train
SW4804,train
SW5586,train
SW3721,train
SW3471,train
SW1723,train
SW1508,train
SW3621,train
SW5276,train
SW5741,train
SW1563,train
SW5693,train
SW5194,train
SW1283,train
SW1257,train
SW5068,train
SW3730,train
SW6407,train
SW136,train
SW5381,train
SW2166,train
SW1203,train
SW4158,train
SW2798,train
SW5910,train
SW6421,train
SW3975,train
SW5340,train
SW3663,train
SW5738,train
SW3415,train
SW2357,train
SW5600,train
SW1500,train
SW633,train
SW5726,train
SW741,train
SW4350,train
SW2934,train
SW4111,train
SW6405,train
SW4847,train
SW5686,train
SW4011,train
SW1400,train
SW2087,train
SW1705,train
SW3959,train
SW1366,train
SW5,train
SW4268,train
SW586,train
SW1977,train
SW3127,train
SW6412,train
SW2537,train
SW709,train
SW5358,train
SW677,train
SW44,train
SW451,train
SW4060,train
SW6045,train
SW4671,train
SW2184,train
SW5080,train
SW3034,train
SW6137,train
SW522,train
SW4357,train
SW4688,train
SW5446,train
SW2810,train
SW6075,train
SW3298,train
SW4649,train
SW4422,train
SW4689,train
SW1642,train
SW339,train
SW4925,train
SW4312,train
SW2522,train
SW4809,train
SW5170,train
SW2809,train
SW3038,train
SW1244,train
SW2547,train
SW3255,train
SW3938,train
SW5778,train
SW3363,train
SW2170,train
SW5660,train
SW1953,train
SW2906,train
SW2151,train
SW1727,train
SW3486,train
SW546,train
SW495,train
SW3353,train
SW4365,train
SW1536,train
SW3864,train
SW2568,train
SW2142,train
SW6037,train
SW5042,train
SW284,train
SW6401,train
SW3691,train
SW571,train
SW399,train
SW1213,train
SW4501,train
SW4013,train
SW4128,train
SW2558,train
SW4154,train
SW148,train
SW5161,train
SW1401,train
SW4690,train
SW5066,train
SW1702,train
SW6382,train
SW2044,train
SW5402,train
SW452,train
SW1320,train
SW4624,train
SW324,train
SW5769,train
SW799,train
SW5084,train
SW545,train
SW837,train
SW681,train
SW5810,train
SW2250,train
SW3574,train
SW4978,train
SW1932,train
SW1599,train
SW575,train
SW4054,train
SW2222,train
SW853,train
SW2303,train
SW2923,train
SW449,train
SW3710,train
SW1616,train
SW4127,train
SW4573,train
SW3531,train
SW5687,train
SW4395,train
SW2939,train
SW4653,train
SW1380,train
SW3524,train
SW4863,train
SW1443,train
SW5976,train
SW5638,train
SW4560,train
SW6101,train
SW4799,train
SW1489,train
SW3175,train
SW4968,train
SW3678,train
SW4097,train
SW3413,train
SW3039,train
SW4574,train
SW2642,train
SW4270,train
SW2150,train
SW4953,train
SW2452,train
SW5948,train
SW4187,train
SW1235,train
SW3001,train
SW5417,train
SW683,train
SW5375,train
SW5501,train
SW3822,train
SW4001,train
SW459,train
SW3226,train
SW5253,train
SW2842,train
SW1446,train
SW934,train
SW4993,train
SW1906,train
SW119,train
SW4314,train
SW6006,train
SW5256,train
SW5608,train
SW5137,train
SW2019,train
SW2072,train
SW3992,train
SW406,train
SW2270,train
SW1659,train
SW2773,train
SW6249,train
SW4402,train
SW5695,train
SW4642,train
SW722,train
SW3012,train
SW6143,train
SW5553,train
SW4149,train
SW443,train
SW987,train
SW411,train
SW4479,train
SW6379,train
SW2645,train
SW5621,train
SW357,train
SW209,train
SW4705,train
SW5858,train
SW2724,train
SW3615,train
SW2290,train
SW1713,train
SW2162,train
SW759,train
SW3799,train
SW2468,train
SW2449,train
SW1276,train
SW1057,train
SW2649,train
SW2240,train
SW125,train
SW2159,train
SW5962,train
SW596,train
SW726,train
SW2085,train
SW5808,train
SW5844,train
SW1652,train
SW1554,train
SW2070,train
SW300,train
SW349,train
SW5044,train
SW4947,train
SW3732,train
SW4742,train
SW1011,train
SW2420,train
SW3932,train
SW3233,train
SW3577,train
SW4760,train
SW492,train
SW3235,train
SW6353,train
SW3690,train
SW1669,train
SW450,train
SW2783,train
SW3131,train
SW560,train
SW5757,val
SW1250,val
SW2122,val
SW3240,val
SW3144,val
SW2146,val
SW1881,val
SW582,val
SW4750,val
SW68,val
SW4933,val
SW839,val
SW600,val
SW2929,val
SW500,val
SW5915,val
SW4327,val
SW2236,val
SW899,val
SW4601,val
SW3534,val
SW3836,val
SW1621,val
SW5694,val
SW4894,val
SW2155,val
SW531,val
SW5663,val
SW1053,val
SW1459,val
SW2514,val
SW3900,val
SW5090,val
SW5232,val
SW3143,val
SW5370,val
SW4192,val
SW3108,val
SW2423,val
SW3249,val
SW24,val
SW6268,val
SW1960,val
SW3414,val
SW2670,val
SW4765,val
SW9,val
SW5018,val
SW6152,val
SW1817,val
SW5065,val
SW4495,val
SW5880,val
SW4476,val
SW5168,val
SW211,val
SW1015,val
SW1803,val
SW848,val
SW2477,val
SW6005,val
SW52,val
SW5632,val
SW274,val
SW5993,val
SW2533,val
SW100,val
SW1583,val
SW1774,val
SW1042,val
SW5277,val
SW3347,val
SW2959,val
SW5338,val
SW4547,val
SW238,val
SW5438,val
SW277,val
SW3896,val
SW187,val
SW2948,val
SW3669,val
SW4015,val
SW5428,val
SW3101,val
SW2615,val
SW3119,val
SW4912,val
SW3293,val
SW3722,val
SW137,val
SW1102,val
SW2776,val
SW5709,val
SW5081,val
SW5408,val
SW2399,val
SW6042,val
SW860,val
SW4156,val
SW4637,val
SW4854,val
SW5372,val
SW736,val
SW1071,val
SW3006,val
SW1545,val
SW2229,val
SW5202,val
SW2338,val
SW4361,val
SW2932,val
SW3367,val
SW2840,val
SW6209,val
SW1550,val
SW3133,val
SW1720,val
SW1409,val
SW2640,val
SW4490,val
SW4525,val
SW866,val
SW5743,val
SW2635,val
SW3692,val
SW5133,val
SW4077,val
SW4535,val
SW3331,val
SW388,val
SW5626,val
SW3043,val
SW4383,val
SW936,val
SW5945,val
SW1278,val
SW5505,val
SW4592,val
SW1634,val
SW5885,val
SW1202,val
SW1205,val
SW5078,val
SW6009,val
SW1079,val
SW1507,val
SW2077,val
SW65,val
SW3797,val
SW4394,val
SW3720,val
SW2980,val
SW716,val
SW3657,val
SW3613,val
SW4231,val
SW5512,val
SW4064,val
SW1384,val
SW206,val
SW1425,val
SW1896,val
SW6010,val
SW3935,val
SW3925,val
SW6326,val
SW5103,val
SW123,val
SW5529,val
SW5116,val
SW4328,val
SW626,val
SW2995,val
SW3767,val
SW2573,val
SW3965,val
SW1435,val
SW1136,val
SW332,val
SW1373,val
SW4073,val
SW3407,val
SW2418,val
SW2614,val
SW2203,val
SW5514,val
SW4793,val
SW2375,val
SW6125,val
SW3944,val
SW376,val
SW2504,val
SW4302,val
SW5883,val
SW631,val
SW1091,val
SW4058,val
SW2637,val
SW2751,val
SW141,val
SW1965,val
SW4623,val
SW1083,val
SW1756,val
SW809,val
SW4450,val
SW4913,val
SW6341,val
SW4994,val
SW6399,val
SW6310,val
SW3540,val
SW2780,val
SW193,val
SW1052,val
SW717,val
SW5304,val
SW6427,val
SW4766,val
SW6385,val
SW355,val
SW6110,val
SW6106,val
SW2138,val
SW1925,val
SW4555,val
SW1271,val
SW6218,val
SW672,val
SW5352,val
SW426,val
SW5548,val
SW3556,val
SW3643,val
SW5388,val
SW6392,val
SW815,val
SW3514,val
SW1667,val
SW5877,val
SW4600,val
SW5622,val
SW1157,val
SW2103,val
SW508,val
SW5875,val
SW4120,val
SW3227,val
SW3003,val
SW4069,val
SW3275,val
SW5906,val
SW2674,val
SW2360,val
SW3324,val
SW266,val
SW5184,val
SW5983,val
SW6285,val
SW2234,val
SW1967,val
SW2866,val
SW4554,val
SW2405,val
SW307,val
SW2028,val
SW1391,val
SW5533,val
SW1709,val
SW4956,val
SW120,val
SW725,val
SW1942,val
SW5827,val
SW3494,val
SW3094,val
SW2669,val
SW3620,val
SW3996,val
SW3018,val
SW5419,val
SW890,val
SW6196,val
SW4316,val
SW3117,val
SW4851,val
SW4220,val
SW5929,val
SW4407,val
SW3213,val
SW4454,val
SW1668,val
SW22,val
SW6411,val
SW3970,val
SW3696,val
SW5111,val
SW2341,val
SW2599,val
SW198,val
SW3702,val
SW111,val
SW1190,val
SW2354,val
SW1090,val
SW4021,val
SW3386,val
SW648,val
SW5862,val
SW4748,val
SW6348,val
SW235,val
SW807,val
SW2532,val
SW3918,val
SW5534,val
SW2392,val
SW5766,val
SW4869,val
SW2719,val
SW5365,val
SW6289,val
SW3673,val
SW3791,val
SW1520,val
SW1972,val
SW1993,val
SW5189,val
SW1487,val
SW4720,val
SW1674,val
SW4441,val
SW478,val
SW6197,val
SW6259,val
SW4970,val
SW1063,val
SW4004,val
SW2127,val
SW4389,val
SW6375,val
SW2575,val
SW6342,val
SW2985,val
SW3870,val
SW6291,val
SW893,val
SW5595,val
SW1626,val
SW3803,val
SW5154,val
SW4381,val
SW2977,val
SW4841,val
SW4767,val
SW1718,val
SW2677,val
SW940,val
SW954,val
SW4360,val
SW1603,val
SW6414,val
SW1085,val
SW713,val
SW3315,val
SW2174,val
SW1106,val
SW1246,val
SW3282,val
SW5889,val
SW2325,val
SW5829,val
SW1226,val
SW1618,val
SW5923,val
SW782,val
SW5613,val
SW463,val
SW731,val
SW6057,val
SW3325,val
SW5469,val
SW509,val
SW1936,val
SW1688,val
SW674,val
SW4934,val
SW3465,val
SW5597,val
SW5171,val
SW2249,val
SW5334,val
SW786,val
SW3979,val
SW6048,val
SW2905,val
SW2889,val
SW4710,val
SW2618,val
SW4856,val
SW2843,val
SW304,val
SW5733,val
SW2598,val
SW4780,val
SW3332,val
SW322,val
SW5024,val
SW3162,val
SW3761,val
SW4655,val
SW6400,val
SW4276,val
SW2321,val
SW216,val
SW4693,val
SW3927,val
SW3360,val
SW5937,val
SW4456,val
SW625,val
SW6303,val
SW2515,val
SW5861,val
SW862,val
SW5263,val
SW935,val
SW2459,val
SW5069,val
SW3963,val
SW2239,val
SW3496,val
SW4414,val
SW2102,val
SW3163,val
SW3532,val
SW6295,val
SW1842,val
SW3770,val
SW2790,val
SW3844,val
SW4861,val
SW4629,val
SW2857,val
SW2700,val
SW5350,val
SW2951,val
SW656,val
SW3693,val
SW881,val
SW1678,val
SW2493,val
SW5630,val
SW1914,val
SW3155,val
SW1810,val
SW4470,val
SW2024,val
SW2221,val
SW3713,val
SW3136,val
SW2215,val
SW5758,val
SW3744,val
SW3343,val
SW6424,val
SW5497,val
SW2991,val
SW4900,val
SW5646,val
SW4368,val
SW1478,val
SW496,val
SW1600,val
SW5968,val
SW4471,val
SW4063,val
SW6095,val
SW1625,val
SW1567,val
SW2665,val
SW5188,val
SW3746,val
SW5731,val
SW4741,val
SW1902,val
SW3280,val
SW3911,val
SW2653,val
SW364,val
SW6363,val
SW3700,val
SW6300,val
SW4050,val
SW4872,val
SW5942,val
SW6072,val
SW6339,val
SW4036,val
SW2898,val
SW4673,val
SW398,val
SW555,val
SW3765,val
SW2079,val
SW2694,val
SW360,val
SW2688,val
SW4489,val
SW2106,val
SW4463,val
SW3597,val
SW6007,val
SW6248,val
SW4898,val
SW2424,val
SW5921,val
SW6028,val
SW3971,val
SW5531,val
SW1948,val
SW3306,val
SW4317,val
SW623,val
SW609,val
SW2328,val
SW4700,val
SW2717,val
SW4265,val
SW1420,val
SW5371,val
SW2419,val
SW4830,val
SW397,val
SW3507,val
SW4711,val
SW161,val
SW4686,val
SW6139,val
SW563,val
SW3867,val
SW458,val
SW5509,val
SW715,val
SW5565,val
SW2379,val
SW2088,val
SW5071,val
SW2698,val
SW6284,val
SW3014,val
SW430,val
SW4130,val
SW4457,val
SW3635,val
SW5679,val
SW1827,val
SW4163,val
SW1658,val
SW644,val
SW5272,val
SW4229,val
SW6243,val
SW2114,val
SW20,val
SW2605,val
SW1687,val
SW6205,val
SW5960,val
SW2968,val
SW1051,val
SW6313,val
SW80,val
SW4122,val
SW279,val
SW1544,val
SW5354,val
SW3851,val
SW3636,val
SW1158,val
SW5812,val
SW3080,val
SW3025,val
SW356,val
SW4548,val
SW1436,val
SW2585,val
SW1602,val
SW5132,val
SW6049,val
SW993,val
SW4493,val
SW5984,val
SW3042,val
SW5325,val
SW3237,val
SW4375,val
SW4067,val
SW2183,val
SW3883,val
SW469,val
SW833,val
SW1588,val
SW4100,val
SW5315,val
SW2045,val
SW3670,val
SW5806,val
SW3329,val
SW3478,val
SW2226,val
SW6065,val
SW4275,val
SW4762,val
SW3316,val
SW1121,val
SW5413,val
SW4107,val
SW1214,val
SW5128,val
SW4198,val
SW4169,val
SW4487,val
SW594,val
SW5722,val
SW1517,val
SW3440,val
SW1605,val
SW4989,val
SW3675,val
SW5904,val
SW88,val
SW3712,val
SW1947,val
SW1068,val
SW185,val
SW4440,val
SW4118,val
SW4273,val
SW1579,val
SW5870,val
SW3919,val
SW3671,val
SW2548,val
SW2330,val
SW4647,val
SW3541,val
SW2126,val
SW5607,val
SW5907,val
SW1593,val
SW3709,val
SW5351,val
SW4059,val
SW1824,val
SW4452,val
SW6247,val
SW2310,val
SW5539,val
SW559,val
SW3559,val
SW1024,val
SW2681,val
SW1957,val
SW3112,val
SW6117,val
SW313,val
SW6081,val
SW4651,val
SW612,val
SW4461,val
SW3135,val
SW4262,val
SW4044,val
SW980,val
SW4633,val
SW1833,val
SW2940,val
SW3389,val
SW5332,val
SW448,val
SW5495,val
SW3266,val
SW4485,val
SW4072,val
SW1958,val
SW622,val
SW4325,val
SW2100,val
SW6063,val
SW5102,val
SW2289,val
SW201,val
SW5487,val
SW5407,val
SW4453,val
SW1734,val
SW5878,val
SW3914,val
SW186,val
SW3647,val
SW6404,val
SW3554,val
SW996,val
SW363,val
SW1643,val
SW6185,val
SW170,val
SW4818,val
SW208,val
SW4419,val
SW2871,val
SW1486,val
SW2121,val
SW6130,val
SW6417,val
SW5442,val
SW4222,val
SW5125,val
SW4437,val
SW2497,val
SW5732,val
SW2447,val
SW1779,val
SW3408,val
SW3287,val
SW4363,val
SW320,val
SW943,val
SW2666,val
SW117,val
SW4678,val
SW1095,val
SW1003,val
SW673,val
SW5506,val
SW3234,val
SW6123,val
SW4528,val
SW6273,val
SW2367,val
SW2827,val
SW6276,val
SW210,val
SW1304,val
SW1864,val
SW4973,val
SW2192,val
SW1946,val
SW762,val
SW36,val
SW1165,val
SW6371,val
SW5414,val
SW178,val
SW3506,val
SW4790,val
SW5716,val
SW4442,val
SW5545,val
SW2255,val
SW2802,val
SW813,val
SW1927,val
SW4170,val
SW4385,val
SW4939,val
SW3794,val
SW2004,val
SW2643,val
SW4628,val
SW4855,val
SW1664,val
SW3687,val
SW3200,val
SW4140,val
SW4803,val
SW3368,val
SW4745,val
SW1088,val
SW2139,val
SW4983,val
SW3578,val
SW3792,val
SW892,val
SW574,val
SW4704,val
SW1219,val
SW777,val
SW3102,val
SW4165,val
SW5892,val
SW184,val
SW765,val
SW474,val
SW2636,val
SW392,val
SW1109,val
SW1311,val
SW4888,val
SW2722,val
SW466,val
SW1174,val
SW4105,val
SW3838,val
SW775,val
SW1457,val
SW1141,val
SW6312,val
SW5569,val
SW6277,val
SW4667,val
SW1312,val
SW5366,val
SW6219,val
SW1092,val
SW2018,val
SW3795,val
SW48,val
SW4296,val
SW3260,val
SW1792,val
SW2133,val
SW163,val
SW6017,val
SW1911,val
SW3474,val
SW1512,val
SW6282,val
SW505,val
SW697,val
SW4336,val
SW1455,val
SW4916,val
SW583,val
SW5464,val
SW2509,val
SW5740,val
SW5598,val
SW4056,val
SW6347,val
SW4911,val
SW6181,val
SW4681,val
SW2308,val
SW2485,val
SW6224,val
SW1771,val
SW176,val
SW1211,val
SW380,val
SW4783,val
SW5998,val
SW5031,val
SW3810,val
SW2630,val
SW1419,val
SW1452,val
SW6061,val
SW877,val
SW6425,val
SW3563,val
SW1757,val
SW181,val
SW2739,val
SW3126,val
SW1552,val
SW6293,val
SW2581,val
SW6431,val
SW3566,val
SW4014,val
SW3086,val
SW5220,val
SW4992,val
SW3145,val
SW5193,val
SW4400,val
SW3839,val
SW1601,val
SW5476,val
SW55,val
SW5954,val
SW5341,val
SW641,val
SW5488,val
SW3801,val
SW882,val
SW4712,val
SW1780,val
SW2361,val
SW2219,val
SW1529,val
SW5764,val
SW2017,val
SW4171,val
SW1406,val
SW2947,val
SW5941,val
SW3960,val
SW3053,val
SW686,val
SW4967,val
SW750,val
SW4340,val
SW5637,val
SW3029,val
SW585,val
SW5822,val
SW3204,val
SW5236,val
SW3438,val
SW4779,val
SW4802,val
SW2667,val
SW2671,val
SW963,val
SW4763,val
SW1848,val
SW1923,val
SW5510,val
SW164,val
SW3464,val
SW5576,val
SW2112,val
SW6402,val
SW3214,val
SW2216,val
SW47,val
SW1660,val
SW3176,val
SW5833,val
SW1586,val
SW160,val
SW6113,val
SW889,val
SW4399,val
SW5713,val
SW6186,val
SW2875,val
SW4599,val
SW3269,val
SW3781,val
SW2060,val
SW3679,val
SW76,val
SW1405,val
SW5012,val
SW5064,val
SW103,val
SW6394,val
SW1826,val
SW3288,val
SW2890,val
SW4687,val
SW6376,val
SW3065,val
SW3884,val
SW4197,val
SW4698,val
SW1087,val
SW3321,val
SW2324,val
SW3402,val
SW6105,val
SW387,val
SW3570,val
SW3376,val
SW6228,val
SW1750,val
SW5992,val
SW789,val
SW868,val
SW2641,val
SW4177,val
SW2013,val
SW5571,val
SW4757,val
SW1598,val
SW1000,val
SW2031,val
SW25,val
SW534,val
SW5627,val
SW3168,val
SW6387,val
SW5247,val
SW4166,val
SW5532,val
SW1467,val
SW1317,val
SW4784,val
SW3969,val
SW6198,val
SW4209,val
SW6041,val
SW6118,val
SW635,val
SW3442,val
SW5286,val
SW6438,val
SW3622,val
SW4041,val
SW3747,val
SW5322,val
SW3002,val
SW3382,val
SW2279,val
SW4228,val
SW4699,val
SW5412,val
SW3987,val
SW6036,val
SW521,val
SW699,val
SW291,val
SW3026,val
SW5094,val
SW5439,val
SW2427,val
SW918,val
SW239,val
SW3084,val
SW3317,val
SW2937,val
SW5290,val
SW4739,val
SW5242,val
SW4019,val
