exp,what changed / why,macro-F1 (mean),std,accuracy,F1 Biashara,F1 Burudani,F1 Kimataifa,F1 Kitaifa,F1 michezo
E1,"naive baseline: raw text (no repair), TF-IDF unigrams, MultinomialNB alpha=1",0.39027306132773487,0.0064183283846146995,0.7185526954832443,0.3027027027027027,0.0,0.0,0.729589428975932,0.9195315451454477
E2,"+ repair list-literals, lowercase, strip URLs",0.39027306132773487,0.0064183283846146995,0.7185526954832443,0.3027027027027027,0.0,0.0,0.729589428975932,0.9195315451454477
E3,+ sublinear TF (log-scaled counts),0.3673405410066426,0.002782182716099796,0.6979116075764934,0.2113022113022113,0.0,0.0,0.7159981558321807,0.9095764975200306
E4,MultinomialNB alpha=0.3 (sublinear TF-IDF),0.45875613764596823,0.006059626264040455,0.782904322486644,0.5955334987593052,0.0,0.0,0.7759282970550576,0.923019151333083
E4,MultinomialNB alpha=0.1 (sublinear TF-IDF),0.5055257742679097,0.004153207134406843,0.8394851869839728,0.7798119742701632,0.0,0.0,0.817371297095197,0.930648769574944
E4,MultinomialNB alpha=0.03 (sublinear TF-IDF),0.537124108076578,0.05738941946810491,0.8455560951918407,0.8025594149908593,0.14285714285714285,0.0,0.8152866242038217,0.9346696362286563
E4,MultinomialNB alpha=0.01 (sublinear TF-IDF),0.535042150854782,0.05771959366842696,0.8421563865954347,0.7970479704797048,0.14285714285714285,0.0,0.8120663650075415,0.933184855233853
E5,"word uni+bigrams (min_df=2), MNB alpha=0.1",0.5101368659295594,0.005261076754704176,0.8453132588635259,0.800186741363212,0.0,0.0,0.8185074626865672,0.9322916666666666
E6,"character n-grams 3-5 (targets Swahili morphology), MNB alpha=0.1",0.5024338401159891,0.007072525084898379,0.8314715881495872,0.7931034482758621,0.0,0.0,0.8046044864226682,0.9145880574452003
E7,"MNB alpha=0.1, fit_prior=False (uniform class prior)",0.5378237572867125,0.05522523423740111,0.8467702768334143,0.8048215113583681,0.14285714285714285,0.0,0.8188362327534493,0.9322916666666666
E8,"ComplementNB alpha=0.03 (Rennie et al., 2003: built for skewed text data)",0.568019312715472,0.06392741228408905,0.8538125303545411,0.7886647454370798,0.26666666666666666,0.044444444444444446,0.828082808280828,0.9503802969938429
E8,"ComplementNB alpha=0.3 (Rennie et al., 2003: built for skewed text data)",0.5310979667792236,0.05499241110561556,0.8416707139388052,0.7560598246518824,0.14285714285714285,0.0,0.8209083119108826,0.945600584154801
E9,ComplementNB alpha=0.03 + oversample minority classes to 200 docs,0.6691371968867351,0.07627172891079952,0.8516270033997086,0.7778864970645792,0.56,0.27586206896551724,0.8270944741532977,0.9515129420342691
E9,ComplementNB alpha=0.03 + oversample minority classes to 500 docs,0.6757268479083584,0.0790282318590222,0.8489558037882468,0.7655935613682092,0.5,0.3582089552238806,0.8258706467661692,0.9532846715328467
E9,ComplementNB alpha=0.03 + oversample minority classes to 1000 docs,0.6639559207365299,0.0688232060075131,0.8491986401165614,0.7741617357001972,0.43478260869565216,0.3561643835616438,0.8239833778569309,0.9522420707254831
E10,E9(500) + word uni+bigrams (min_df=2),0.6628509684483882,0.0759915124900241,0.8523555123846528,0.7715281234444997,0.47619047619047616,0.32142857142857145,0.8295687885010267,0.9536665450565487
E11,E9(500) with alpha=0.01,0.6470099371906975,0.07527980665011108,0.8406993686255464,0.7454827052142489,0.43478260869565216,0.2903225806451613,0.8203350664355864,0.9491279069767442
